Energy consumed for RAM,RAM Power,Energy consumed for all GPUs,Total GPU Power,Energy consumed for all CPUs,Total CPU Power,Electricity used since the beginning
0.000013,3.0,0.000030,5.973600000000001,0.000003,0.7605999999999999,0.000046
0.000020,3.0,0.000050,6.0723,0.000004,0.34119999999999995,0.000074
0.000027,3.0,0.000070,6.0773,0.000005,0.5695,0.000103
0.000034,3.0,0.000090,6.106599999999999,0.000006,0.44419999999999993,0.000131
0.000042,3.0,0.000110,5.793100000000001,0.000008,0.5237999999999999,0.000159
0.000049,3.0,0.000130,6.112,0.000009,0.3943,0.000187
0.000056,3.0,0.000150,6.110100000000001,0.000010,0.6422,0.000217
0.000064,3.0,0.000170,6.1072,0.000012,0.732,0.000246
0.000071,3.0,0.000190,6.1227,0.000013,0.5271999999999999,0.000275
0.000078,3.0,0.000211,6.125300000000001,0.000014,0.20989999999999998,0.000303
0.000086,3.0,0.000231,6.1732000000000005,0.000015,0.312,0.000331
0.000093,3.0,0.000252,6.2151,0.000016,0.3887,0.000360
0.000100,3.0,0.000272,6.2249,0.000018,1.1145,0.000391
0.000108,3.0,0.000291,5.8297,0.000020,0.5223,0.000419
0.000115,3.0,0.000312,6.2145,0.000021,0.3796,0.000448
0.000122,3.0,0.000332,6.1552999999999995,0.000021,0.3453,0.000476
0.000130,3.0,0.000353,6.315300000000001,0.000037,6.3576,0.000520
0.000137,3.0,0.000373,6.059700000000001,0.000044,2.8654,0.000554
0.000144,3.0,0.000393,5.9066,0.000045,0.36869999999999997,0.000582
0.000151,3.0,0.000413,6.0656,0.000048,1.216,0.000612
0.000159,3.0,0.000433,6.230700000000001,0.000049,0.4171000000000001,0.000640
0.000166,3.0,0.000453,6.1964,0.000050,0.4375,0.000669
0.000173,3.0,0.000474,6.240399999999999,0.000054,1.5449000000000002,0.000701
0.000181,3.0,0.000494,5.8852,0.000054,0.2448,0.000728
0.000188,3.0,0.000514,6.2698,0.000056,0.709,0.000758
0.000195,3.0,0.000536,6.3884,0.000074,7.3611,0.000805
0.000202,3.0,0.000556,6.271300000000001,0.000075,0.3562,0.000833
0.000210,3.0,0.000577,6.2437,0.000076,0.36340000000000006,0.000862
0.000217,3.0,0.000597,6.2515,0.000076,0.273,0.000891
0.000225,3.0,0.000618,6.2511,0.000077,0.4019000000000001,0.000920
0.000232,3.0,0.000639,6.2475000000000005,0.000078,0.3126,0.000949
0.000239,3.0,0.000660,6.2591,0.000079,0.30510000000000004,0.000978
0.000247,3.0,0.000679,5.830100000000001,0.000080,0.3189,0.001005
0.000254,3.0,0.000699,6.0836,0.000081,0.38480000000000003,0.001033
0.000261,3.0,0.000719,6.1515,0.000094,5.5958,0.001075
0.000269,3.0,0.000740,6.1659999999999995,0.000097,1.0188000000000001,0.001105
0.000276,3.0,0.000760,6.275799999999999,0.000098,0.3457,0.001134
0.000283,3.0,0.000780,5.8897,0.000098,0.21269999999999997,0.001161
0.000291,3.0,0.000801,6.256399999999999,0.000099,0.32920000000000005,0.001190
0.000298,3.0,0.000821,6.2661999999999995,0.000100,0.3462,0.001219
0.000305,3.0,0.000842,6.2488,0.000101,0.31350000000000006,0.001248
0.000313,3.0,0.000863,6.2292000000000005,0.000101,0.3122,0.001277
0.000320,3.0,0.000882,5.6709000000000005,0.000102,0.16840000000000002,0.001303
0.000327,3.0,0.000902,6.2506,0.000103,0.3232,0.001332
0.000335,3.0,0.000923,6.229100000000002,0.000104,0.38330000000000003,0.001361
0.000342,3.0,0.000944,6.2687,0.000105,0.43470000000000003,0.001390
0.000350,3.0,0.000964,6.0678,0.000106,0.3838000000000001,0.001419
0.000357,3.0,0.000984,6.192699999999999,0.000106,0.34880000000000005,0.001448
0.000364,3.0,0.001005,6.2156,0.000107,0.3484,0.001476
0.000372,3.0,0.001025,6.2334,0.000108,0.33330000000000004,0.001505
0.000379,3.0,0.001046,6.262,0.000109,0.43010000000000004,0.001534
0.000386,3.0,0.001066,5.9220000000000015,0.000110,0.3588,0.001562
0.000394,3.0,0.001087,6.264600000000001,0.000111,0.46190000000000003,0.001591
0.000401,3.0,0.001107,6.212899999999999,0.000112,0.43190000000000006,0.001620
0.000408,3.0,0.001128,6.2031,0.000113,0.3264,0.001649
0.000416,3.0,0.001148,6.2523,0.000115,0.6250000000000001,0.001679
0.000423,3.0,0.001168,5.957000000000001,0.000115,0.3215,0.001706
0.000430,3.0,0.001189,6.2482,0.000116,0.4454999999999999,0.001735
0.000438,3.0,0.001209,6.21,0.000118,0.4614,0.001764
0.000445,3.0,0.001230,6.281700000000001,0.000119,0.45009999999999994,0.001794
0.000452,3.0,0.001251,6.2681000000000004,0.000120,0.42790000000000006,0.001823
0.000460,3.0,0.001272,6.2822000000000005,0.000121,0.5832,0.001852
0.000467,3.0,0.001292,6.2642999999999995,0.000122,0.49240000000000006,0.001882
0.000474,3.0,0.001313,6.2754,0.000123,0.48460000000000003,0.001911
0.000482,3.0,0.001334,6.2162999999999995,0.000125,0.5114000000000001,0.001940
0.000489,3.0,0.001353,5.8845,0.000126,0.32139999999999996,0.001968
0.000496,3.0,0.001374,6.2615,0.000127,0.44399999999999995,0.001997
0.000504,3.0,0.001395,6.3001000000000005,0.000128,0.4436,0.002026
0.000511,3.0,0.001416,6.265600000000001,0.000129,0.44040000000000007,0.002055
0.000518,3.0,0.001436,6.313000000000001,0.000130,0.44530000000000003,0.002085
0.000526,3.0,0.001456,5.891800000000001,0.000131,0.3124,0.002112
0.000533,3.0,0.001477,6.2547000000000015,0.000131,0.3196,0.002141
0.000540,3.0,0.001497,6.1927,0.000132,0.31020000000000003,0.002170
0.000548,3.0,0.001518,6.2662,0.000133,0.3318,0.002199
0.000555,3.0,0.001539,6.2874,0.000134,0.3008,0.002227
0.000562,3.0,0.001559,6.196,0.000134,0.31529999999999997,0.002256
0.000570,3.0,0.001580,6.2780000000000005,0.000135,0.3075,0.002285
0.000577,3.0,0.001601,6.248400000000001,0.000136,0.3526,0.002314
0.000584,3.0,0.001621,6.2797,0.000137,0.37510000000000004,0.002343
0.000592,3.0,0.001641,5.9016,0.000138,0.2612,0.002370
0.000599,3.0,0.001662,6.278600000000001,0.000139,0.44560000000000005,0.002399
0.000606,3.0,0.001682,6.2765,0.000140,0.4655,0.002429
0.000614,3.0,0.001703,6.269,0.000141,0.32110000000000005,0.002457
0.000621,3.0,0.001724,6.2567,0.000141,0.306,0.002486
0.000628,3.0,0.001743,5.8621,0.000142,0.3243,0.002514
0.000636,3.0,0.001764,6.207700000000001,0.000143,0.3508,0.002542
0.000643,3.0,0.001784,6.271299999999999,0.000144,0.3124,0.002571
0.000650,3.0,0.001805,6.2774,0.000145,0.4516,0.002600
0.000658,3.0,0.001826,6.281700000000001,0.000146,0.514,0.002630
0.000665,3.0,0.001847,6.3107999999999995,0.000147,0.4133,0.002659
0.000672,3.0,0.001868,6.2665,0.000148,0.43879999999999997,0.002688
0.000680,3.0,0.001888,6.314699999999999,0.000149,0.45820000000000005,0.002718
0.000687,3.0,0.001909,6.3092999999999995,0.000151,0.4624,0.002747
0.000694,3.0,0.001929,5.901,0.000151,0.36080000000000007,0.002775
0.000702,3.0,0.001950,6.2799,0.000152,0.3074,0.002803
0.000709,3.0,0.001970,6.2948,0.000153,0.41869999999999996,0.002832
0.000716,3.0,0.001991,6.291500000000001,0.000154,0.38249999999999995,0.002862
0.000724,3.0,0.002012,6.2901,0.000155,0.35910000000000003,0.002891
0.000731,3.0,0.002031,5.895099999999999,0.000155,0.19129999999999997,0.002918
0.000738,3.0,0.002052,6.205,0.000156,0.3179,0.002946
0.000746,3.0,0.002073,6.3027,0.000157,0.31229999999999997,0.002975
0.000753,3.0,0.002093,6.2521,0.000158,0.344,0.003004
0.000760,3.0,0.002114,6.2797,0.000159,0.30300000000000005,0.003033
0.000768,3.0,0.002135,6.229799999999999,0.000159,0.2641,0.003062
0.000775,3.0,0.002155,6.2308,0.000160,0.36400000000000005,0.003090
0.000782,3.0,0.002176,6.227,0.000161,0.3125,0.003119
0.000790,3.0,0.002197,6.327400000000001,0.000162,0.3154,0.003148
0.000797,3.0,0.002216,5.894,0.000162,0.30510000000000004,0.003176
0.000804,3.0,0.002237,6.2469,0.000163,0.40140000000000003,0.003204
0.000812,3.0,0.002258,6.2472,0.000164,0.3745,0.003233
0.000819,3.0,0.002278,6.2125,0.000165,0.32050000000000006,0.003262
0.000826,3.0,0.002299,6.2771,0.000166,0.3076,0.003291
0.000833,3.0,0.002318,5.8464,0.000166,0.18920000000000003,0.003318
0.000841,3.0,0.002339,6.236700000000002,0.000167,0.32630000000000003,0.003347
0.000848,3.0,0.002360,6.2872,0.000168,0.32080000000000003,0.003375
0.000855,3.0,0.002380,6.3153000000000015,0.000169,0.3066,0.003404
0.000863,3.0,0.002401,6.273,0.000169,0.3215,0.003433
0.000870,3.0,0.002422,6.286900000000001,0.000170,0.2404,0.003462
0.000877,3.0,0.002443,6.253300000000001,0.000171,0.3362,0.003491
0.000885,3.0,0.002463,6.222900000000001,0.000172,0.32530000000000003,0.003519
0.000892,3.0,0.002484,6.273400000000001,0.000172,0.34290000000000004,0.003548
0.000899,3.0,0.002504,5.9374,0.000173,0.31860000000000005,0.003576
0.000907,3.0,0.002524,6.2382,0.000174,0.3281,0.003605
0.000914,3.0,0.002545,6.265,0.000175,0.32510000000000006,0.003634
0.000921,3.0,0.002565,6.1957,0.000176,0.3278,0.003662
0.000929,3.0,0.002586,6.2543,0.000176,0.35350000000000004,0.003691
0.000936,3.0,0.002606,5.890199999999999,0.000177,0.17250000000000001,0.003718
0.000943,3.0,0.002626,6.280600000000001,0.000178,0.3608,0.003747
0.000951,3.0,0.002647,6.282400000000001,0.000179,0.48080000000000006,0.003777
0.000958,3.0,0.002668,6.3429,0.000180,0.4766,0.003806
0.000965,3.0,0.002689,6.2804,0.000181,0.45000000000000007,0.003835
0.000973,3.0,0.002710,6.3176000000000005,0.000182,0.318,0.003864
0.000980,3.0,0.002730,6.2197,0.000183,0.5242,0.003893
0.000987,3.0,0.002751,6.3332,0.000185,0.526,0.003923
0.000994,3.0,0.002772,6.3176,0.000186,0.4323,0.003952
0.001002,3.0,0.002792,5.9261,0.000187,0.4526,0.003980
0.001009,3.0,0.002812,6.313599999999999,0.000188,0.48109999999999997,0.004009
0.001016,3.0,0.002833,6.3041,0.000189,0.47739999999999994,0.004039
0.001024,3.0,0.002854,6.3044,0.000190,0.48109999999999997,0.004068
0.001031,3.0,0.002875,6.3654,0.000191,0.4165,0.004097
0.001038,3.0,0.002895,6.068499999999999,0.000192,0.36500000000000005,0.004126
0.001046,3.0,0.002916,6.2622,0.000193,0.5144,0.004155
0.001053,3.0,0.002937,6.342699999999999,0.000194,0.4694,0.004184
0.001060,3.0,0.002958,6.3263,0.000196,0.4807,0.004214
0.001068,3.0,0.002978,6.273899999999999,0.000197,0.46979999999999994,0.004243
0.001075,3.0,0.002999,6.2736,0.000198,0.33290000000000003,0.004272
0.001082,3.0,0.003020,6.2509999999999994,0.000199,0.4476,0.004301
0.001089,3.0,0.003041,6.2945,0.000200,0.46080000000000004,0.004330
0.001097,3.0,0.003061,6.2616,0.000201,0.4826,0.004359
0.001104,3.0,0.003081,5.908899999999999,0.000202,0.44930000000000003,0.004387
0.001111,3.0,0.003102,6.3431,0.000203,0.4542999999999999,0.004416
0.001119,3.0,0.003123,6.2626,0.000204,0.4381000000000001,0.004446
0.001126,3.0,0.003143,6.3183,0.000205,0.4685000000000001,0.004475
0.001133,3.0,0.003164,6.3111999999999995,0.000206,0.44029999999999997,0.004504
0.001141,3.0,0.003184,5.9328,0.000207,0.30219999999999997,0.004532
0.001148,3.0,0.003205,6.306,0.000208,0.4381000000000001,0.004561
0.001155,3.0,0.003226,6.3178,0.000210,0.5286000000000001,0.004590
0.001163,3.0,0.003246,6.281900000000001,0.000211,0.47990000000000005,0.004620
0.001170,3.0,0.003267,6.2899,0.000212,0.4481,0.004649
0.001177,3.0,0.003288,6.2863,0.000213,0.3318,0.004678
0.001185,3.0,0.003309,6.360300000000001,0.000214,0.5027,0.004707
0.001192,3.0,0.003330,6.3439,0.000215,0.4655,0.004737
0.001199,3.0,0.003351,6.3718,0.000216,0.4281,0.004766
0.001206,3.0,0.003370,5.932,0.000217,0.42460000000000003,0.004794
0.001214,3.0,0.003391,6.3452,0.000218,0.4835999999999999,0.004823
0.001221,3.0,0.003412,6.221500000000001,0.000219,0.47119999999999995,0.004852
0.001228,3.0,0.003433,6.3363,0.000220,0.44349999999999995,0.004882
0.001236,3.0,0.003454,6.358700000000001,0.000222,0.46840000000000004,0.004911
0.001243,3.0,0.003474,5.9431,0.000222,0.35660000000000003,0.004939
0.001250,3.0,0.003495,6.3584000000000005,0.000224,0.49759999999999993,0.004969
0.001258,3.0,0.003516,6.318499999999999,0.000225,0.4971999999999999,0.004998
0.001265,3.0,0.003537,6.3437,0.000226,0.5128,0.005028
0.001272,3.0,0.003558,6.3403,0.000227,0.5189000000000002,0.005057
0.001279,3.0,0.003578,6.2831,0.000228,0.32320000000000004,0.005086
0.001287,3.0,0.003599,6.3613,0.000229,0.4936,0.005115
0.001294,3.0,0.003620,6.3439000000000005,0.000231,0.4918,0.005145
0.001301,3.0,0.003641,6.2817,0.000232,0.48240000000000005,0.005174
0.001309,3.0,0.003661,5.984,0.000233,0.4835,0.005203
0.001316,3.0,0.003682,6.359,0.000234,0.43010000000000004,0.005232
0.001323,3.0,0.003703,6.310599999999999,0.000235,0.4513,0.005261
0.001331,3.0,0.003724,6.329300000000001,0.000236,0.5468000000000001,0.005291
0.001338,3.0,0.003744,6.324299999999999,0.000238,0.5067,0.005320
0.001345,3.0,0.003764,5.9979,0.000238,0.32,0.005348
0.001353,3.0,0.003785,6.2991,0.000240,0.47689999999999994,0.005377
0.001360,3.0,0.003806,6.3378000000000005,0.000241,0.4835,0.005407
0.001367,3.0,0.003827,6.3336,0.000242,0.4725,0.005436
0.001374,3.0,0.003848,6.348700000000001,0.000243,0.47170000000000006,0.005465
0.001382,3.0,0.003869,6.286200000000001,0.000244,0.3608,0.005494
0.001389,3.0,0.003889,6.2957,0.000245,0.4625,0.005523
0.001396,3.0,0.003910,6.3036,0.000246,0.48360000000000003,0.005553
0.001404,3.0,0.003931,6.328,0.000247,0.46230000000000004,0.005582
0.001411,3.0,0.003951,5.9754000000000005,0.000249,0.47650000000000003,0.005610
0.001418,3.0,0.003972,6.3703,0.000250,0.4396,0.005640
0.001426,3.0,0.003993,6.3008999999999995,0.000251,0.4529,0.005669
0.001433,3.0,0.004013,6.2707,0.000252,0.45640000000000003,0.005698
0.001440,3.0,0.004034,6.3285,0.000253,0.4699,0.005728
0.001448,3.0,0.004054,6.0059,0.000254,0.33430000000000004,0.005756
0.001455,3.0,0.004075,6.369,0.000255,0.4994,0.005785
0.001462,3.0,0.004096,6.3489,0.000256,0.4471,0.005814
0.001469,3.0,0.004117,6.291,0.000257,0.5006,0.005844
0.001477,3.0,0.004138,6.290100000000001,0.000258,0.4687,0.005873
0.001484,3.0,0.004159,6.279400000000001,0.000259,0.3564,0.005902
0.001491,3.0,0.004179,6.305600000000001,0.000260,0.4715,0.005931
0.001499,3.0,0.004200,6.3493,0.000262,0.4751000000000001,0.005961
0.001506,3.0,0.004221,6.3385,0.000263,0.4862000000000001,0.005990
0.001513,3.0,0.004241,5.9796,0.000264,0.4816,0.006018
0.001520,3.0,0.004262,6.347300000000001,0.000265,0.43949999999999995,0.006047
0.001528,3.0,0.004282,6.229,0.000266,0.4637999999999999,0.006076
0.001535,3.0,0.004304,6.3731,0.000267,0.45600000000000007,0.006106
0.001542,3.0,0.004324,6.294299999999999,0.000269,0.6904,0.006136
0.001550,3.0,0.004344,5.9731000000000005,0.000270,0.3227,0.006164
0.001557,3.0,0.004365,6.3389,0.000271,0.442,0.006193
0.001564,3.0,0.004386,6.3123000000000005,0.000272,0.44079999999999997,0.006222
0.001572,3.0,0.004407,6.3789,0.000273,0.5701,0.006252
0.001579,3.0,0.004428,6.3412999999999995,0.000274,0.4389,0.006281
0.001586,3.0,0.004449,6.361500000000001,0.000275,0.3117,0.006310
0.001594,3.0,0.004470,6.303,0.000276,0.4781000000000001,0.006340
0.001601,3.0,0.004491,6.3852,0.000277,0.47729999999999995,0.006369
0.001608,3.0,0.004512,6.3564,0.000279,0.4979,0.006399
0.001616,3.0,0.004531,5.9393,0.000280,0.41690000000000005,0.006427
0.001623,3.0,0.004552,6.319100000000001,0.000281,0.4912,0.006456
0.001630,3.0,0.004573,6.3130999999999995,0.000282,0.45730000000000004,0.006485
0.001637,3.0,0.004594,6.324199999999999,0.000283,0.45829999999999993,0.006515
0.001645,3.0,0.004615,6.240000000000001,0.000284,0.3214,0.006543
0.001652,3.0,0.004634,5.9177,0.000284,0.1741,0.006571
0.001659,3.0,0.004655,6.2472,0.000285,0.3484,0.006599
0.001667,3.0,0.004676,6.262300000000001,0.000286,0.44899999999999995,0.006629
0.001674,3.0,0.004696,6.3036,0.000287,0.3181,0.006657
0.001681,3.0,0.004717,6.288300000000001,0.000288,0.3073,0.006686
0.001689,3.0,0.004738,6.2905,0.000288,0.1751,0.006715
0.001696,3.0,0.004759,6.2675,0.000289,0.488,0.006744
0.001703,3.0,0.004779,6.2700000000000005,0.000290,0.3706,0.006773
0.001711,3.0,0.004800,6.2464,0.000291,0.32530000000000003,0.006802
0.001718,3.0,0.004820,5.9826999999999995,0.000292,0.3177,0.006830
0.001725,3.0,0.004840,6.274300000000001,0.000293,0.4029,0.006859
0.001733,3.0,0.004861,6.2479,0.000294,0.3499,0.006887
0.001740,3.0,0.004882,6.298699999999999,0.000294,0.3168000000000001,0.006916
0.001747,3.0,0.004903,6.3053,0.000295,0.3068,0.006945
0.001755,3.0,0.004922,5.869,0.000296,0.1729,0.006973
0.001762,3.0,0.004943,6.302599999999999,0.000296,0.3192,0.007001
0.001769,3.0,0.004964,6.3029,0.000297,0.30369999999999997,0.007030
0.001777,3.0,0.004985,6.2923,0.000298,0.3659,0.007059
0.001784,3.0,0.005005,6.2726,0.000299,0.34880000000000005,0.007088
0.001791,3.0,0.005026,6.295200000000001,0.000299,0.1739,0.007117
0.001798,3.0,0.005047,6.268900000000001,0.000300,0.3356,0.007146
0.001806,3.0,0.005068,6.2661,0.000301,0.3014,0.007174
0.001813,3.0,0.005088,6.253400000000001,0.000302,0.3691,0.007203
0.001820,3.0,0.005108,5.9027,0.000303,0.34740000000000004,0.007231
0.001828,3.0,0.005128,6.290200000000001,0.000303,0.3236,0.007260
0.001835,3.0,0.005149,6.274500000000001,0.000304,0.2987000000000001,0.007289
0.001842,3.0,0.005170,6.2661999999999995,0.000305,0.36610000000000004,0.007317
0.001850,3.0,0.005191,6.2773,0.000306,0.342,0.007346
0.001857,3.0,0.005210,5.9124,0.000306,0.169,0.007374
0.001864,3.0,0.005231,6.308599999999999,0.000307,0.31120000000000003,0.007402
0.001872,3.0,0.005252,6.285200000000001,0.000308,0.356,0.007431
0.001879,3.0,0.005273,6.2844999999999995,0.000309,0.3292,0.007460
0.001886,3.0,0.005293,6.2201,0.000310,0.374,0.007489
0.001894,3.0,0.005314,6.257300000000001,0.000310,0.1747,0.007518
0.001901,3.0,0.005335,6.2482,0.000311,0.31999999999999995,0.007546
0.001908,3.0,0.005355,6.243399999999999,0.000312,0.3428,0.007575
0.001916,3.0,0.005376,6.301900000000001,0.000312,0.31849999999999995,0.007604
0.001923,3.0,0.005396,5.9232,0.000313,0.29660000000000003,0.007632
0.001930,3.0,0.005416,6.2181,0.000314,0.3395,0.007660
0.001937,3.0,0.005437,6.2886,0.000315,0.31700000000000006,0.007689
0.001945,3.0,0.005458,6.2574,0.000316,0.3036,0.007718
0.001952,3.0,0.005478,6.288,0.000316,0.36610000000000004,0.007747
0.001959,3.0,0.005498,5.9229,0.000317,0.1902,0.007774
0.001967,3.0,0.005519,6.3041,0.000318,0.30200000000000005,0.007803
0.001974,3.0,0.005539,6.2490000000000006,0.000319,0.3633,0.007832
0.001981,3.0,0.005560,6.3015,0.000319,0.3674000000000001,0.007861
0.001989,3.0,0.005581,6.2287,0.000320,0.33330000000000004,0.007890
0.001996,3.0,0.005602,6.2744,0.000321,0.1756,0.007918
0.002003,3.0,0.005622,6.2635000000000005,0.000322,0.3799,0.007947
0.002011,3.0,0.005643,6.2658000000000005,0.000322,0.3777,0.007976
0.002018,3.0,0.005664,6.3116,0.000323,0.3582,0.008005
0.002025,3.0,0.005684,6.0635,0.000324,0.336,0.008033
0.002033,3.0,0.005704,6.2866,0.000325,0.3212,0.008062
0.002040,3.0,0.005725,6.255800000000001,0.000326,0.3035,0.008091
0.002047,3.0,0.005746,6.303000000000001,0.000327,0.47100000000000003,0.008120
0.002055,3.0,0.005767,6.2912,0.000328,0.3556,0.008149
0.002062,3.0,0.005786,5.878099999999999,0.000328,0.1804,0.008176
0.002069,3.0,0.005807,6.231000000000001,0.000329,0.36460000000000004,0.008205
0.002077,3.0,0.005827,6.2299999999999995,0.000330,0.3606,0.008234
0.002084,3.0,0.005848,6.238300000000001,0.000331,0.3156,0.008263
0.002091,3.0,0.005869,6.2751,0.000331,0.31789999999999996,0.008291
0.002099,3.0,0.005889,6.0724,0.000332,0.16060000000000002,0.008319
0.002106,3.0,0.005910,6.2612,0.000333,0.3271,0.008348
0.002113,3.0,0.005930,6.2785,0.000333,0.3359,0.008377
0.002120,3.0,0.005951,6.238199999999999,0.000334,0.3179,0.008406
0.002128,3.0,0.005972,6.2604,0.000335,0.3216,0.008434
0.002135,3.0,0.005992,6.2752,0.000336,0.3698,0.008463
0.002142,3.0,0.006013,6.2766,0.000337,0.3495,0.008492
0.002150,3.0,0.006034,6.2698,0.000338,0.4178,0.008521
0.002157,3.0,0.006054,6.1472999999999995,0.000339,0.3384,0.008550
0.002164,3.0,0.006074,5.9671,0.000339,0.1815,0.008577
0.002172,3.0,0.006095,6.311400000000001,0.000340,0.3769,0.008606
0.002179,3.0,0.006115,6.2848999999999995,0.000341,0.3774,0.008635
0.002186,3.0,0.006136,6.277299999999999,0.000342,0.33020000000000005,0.008664
0.002194,3.0,0.006157,6.237299999999999,0.000343,0.34720000000000006,0.008693
0.002201,3.0,0.006176,5.884600000000001,0.000343,0.17629999999999998,0.008720
0.002208,3.0,0.006197,6.2643,0.000344,0.3707,0.008749
0.002216,3.0,0.006218,6.260800000000001,0.000345,0.3556,0.008778
0.002223,3.0,0.006238,6.1913,0.000346,0.3489,0.008807
0.002230,3.0,0.006259,6.291,0.000346,0.31629999999999997,0.008835
0.002237,3.0,0.006280,6.260800000000001,0.000347,0.36970000000000003,0.008864
0.002245,3.0,0.006300,6.2421999999999995,0.000348,0.3338,0.008893
0.002252,3.0,0.006321,6.273400000000001,0.000349,0.32239999999999996,0.008922
0.002259,3.0,0.006342,6.3125,0.000350,0.30240000000000006,0.008951
0.002267,3.0,0.006361,5.8984,0.000350,0.30829999999999996,0.008978
0.002274,3.0,0.006382,6.210400000000001,0.000351,0.31980000000000003,0.009007
0.002281,3.0,0.006402,6.274800000000002,0.000352,0.3079,0.009036
0.002289,3.0,0.006423,6.3012999999999995,0.000353,0.30530000000000007,0.009065
0.002296,3.0,0.006444,6.2615,0.000354,0.371,0.009094
0.002303,3.0,0.006463,5.862300000000001,0.000354,0.16580000000000003,0.009121
0.002311,3.0,0.006484,6.2829,0.000355,0.3605,0.009150
0.002318,3.0,0.006505,6.2567,0.000356,0.3415,0.009179
0.002325,3.0,0.006526,6.264,0.000356,0.3195,0.009207
0.002333,3.0,0.006546,6.2565,0.000357,0.34270000000000006,0.009236
0.002340,3.0,0.006567,6.320300000000001,0.000358,0.2713,0.009265
0.002347,3.0,0.006588,6.2692,0.000359,0.366,0.009294
0.002355,3.0,0.006609,6.305899999999999,0.000360,0.35140000000000005,0.009323
0.002362,3.0,0.006629,6.2895,0.000361,0.3491,0.009352
0.002369,3.0,0.006649,5.9026000000000005,0.000361,0.3411,0.009380
0.002377,3.0,0.006670,6.275499999999999,0.000362,0.30090000000000006,0.009408
0.002384,3.0,0.006690,6.2872,0.000363,0.3687,0.009437
0.002391,3.0,0.006711,6.2705,0.000364,0.3508,0.009466
0.002399,3.0,0.006732,6.2296000000000005,0.000365,0.3493000000000001,0.009495
0.002406,3.0,0.006751,5.898300000000002,0.000365,0.18050000000000002,0.009522
0.002413,3.0,0.006772,6.229500000000001,0.000366,0.33930000000000005,0.009551
0.002420,3.0,0.006793,6.299300000000001,0.000367,0.39249999999999996,0.009580
0.002428,3.0,0.006813,6.2890999999999995,0.000368,0.3633,0.009609
0.002435,3.0,0.006834,6.245100000000001,0.000369,0.34459999999999996,0.009638
0.002442,3.0,0.006855,6.2583,0.000369,0.1824,0.009666
0.002450,3.0,0.006875,6.2989999999999995,0.000370,0.29769999999999996,0.009695
0.002457,3.0,0.006896,6.319599999999999,0.000371,0.3635,0.009724
0.002464,3.0,0.006917,6.2679,0.000372,0.36390000000000006,0.009753
0.002472,3.0,0.006937,5.944599999999999,0.000372,0.3508,0.009781
0.002479,3.0,0.006957,6.284199999999999,0.000373,0.3033,0.009810
0.002486,3.0,0.006978,6.2587,0.000374,0.36710000000000004,0.009838
0.002494,3.0,0.006999,6.2772,0.000375,0.3544999999999999,0.009867
0.002501,3.0,0.007020,6.255,0.000376,0.3359,0.009896
0.002508,3.0,0.007039,5.9235999999999995,0.000376,0.18100000000000002,0.009924
0.002515,3.0,0.007060,6.2538,0.000377,0.3641,0.009952
0.002523,3.0,0.007080,6.269,0.000378,0.3541,0.009981
0.002530,3.0,0.007101,6.2433,0.000379,0.32130000000000003,0.010010
0.002537,3.0,0.007122,6.215699999999999,0.000380,0.4243,0.010039
0.002545,3.0,0.007142,6.2859,0.000380,0.1655,0.010067
0.002552,3.0,0.007163,6.2993,0.000381,0.3629,0.010096
0.002559,3.0,0.007184,6.3047,0.000382,0.3586,0.010125
0.002567,3.0,0.007205,6.2732,0.000383,0.3385,0.010154
0.002574,3.0,0.007224,5.883299999999999,0.000384,0.3388,0.010182
0.002581,3.0,0.007245,6.1811,0.000384,0.3113,0.010210
0.002589,3.0,0.007265,6.236700000000001,0.000385,0.30450000000000005,0.010239
0.002596,3.0,0.007286,6.2562,0.000386,0.4445,0.010268
0.002603,3.0,0.007307,6.2725,0.000387,0.35180000000000006,0.010297
0.002611,3.0,0.007326,5.852500000000001,0.000388,0.19140000000000001,0.010324
0.002618,3.0,0.007347,6.287799999999999,0.000388,0.30369999999999997,0.010353
0.002625,3.0,0.007367,6.2597000000000005,0.000389,0.37259999999999993,0.010382
0.002633,3.0,0.007388,6.264,0.000390,0.37860000000000005,0.010411
0.002640,3.0,0.007409,6.2841000000000005,0.000391,0.3519,0.010440
0.002647,3.0,0.007430,6.2145,0.000391,0.1759,0.010468
0.002655,3.0,0.007450,6.2521,0.000392,0.3997,0.010497
0.002662,3.0,0.007471,6.2654000000000005,0.000393,0.3573,0.010526
0.002669,3.0,0.007491,6.2314,0.000394,0.3276,0.010555
0.002677,3.0,0.007511,5.84,0.000395,0.33060000000000006,0.010582
0.002684,3.0,0.007531,6.2585,0.000396,0.331,0.010611
0.002691,3.0,0.007552,6.2578,0.000397,0.3512,0.010640
0.002698,3.0,0.007573,6.2341999999999995,0.000397,0.3379,0.010669
0.002706,3.0,0.007593,6.2738,0.000398,0.31350000000000006,0.010697
0.002713,3.0,0.007613,5.8618,0.000399,0.1775,0.010725
0.002720,3.0,0.007633,6.239300000000001,0.000399,0.3412,0.010753
0.002728,3.0,0.007654,6.255800000000001,0.000400,0.322,0.010782
0.002735,3.0,0.007675,6.2841000000000005,0.000401,0.3142,0.010811
0.002742,3.0,0.007696,6.2562,0.000402,0.3008,0.010839
0.002750,3.0,0.007716,6.2659,0.000402,0.1763,0.010868
0.002757,3.0,0.007737,6.247,0.000403,0.3378,0.010897
0.002764,3.0,0.007758,6.3081,0.000404,0.32480000000000003,0.010926
0.002772,3.0,0.007778,6.238100000000001,0.000404,0.29480000000000006,0.010954
0.002779,3.0,0.007798,6.021800000000001,0.000405,0.35269999999999996,0.010982
0.002786,3.0,0.007819,6.216800000000001,0.000406,0.3281,0.011011
0.002793,3.0,0.007840,6.3058,0.000407,0.3252,0.011040
0.002801,3.0,0.007860,6.2955,0.000408,0.3014,0.011069
0.002808,3.0,0.007881,6.2559000000000005,0.000409,0.36629999999999996,0.011098
0.002815,3.0,0.007901,5.9105,0.000409,0.1797,0.011125
0.002823,3.0,0.007921,6.279100000000001,0.000410,0.323,0.011154
0.002830,3.0,0.007942,6.269299999999999,0.000410,0.30369999999999997,0.011183
0.002837,3.0,0.007963,6.2486,0.000411,0.3587,0.011211
0.002845,3.0,0.007983,6.2912,0.000412,0.3505000000000001,0.011240
0.002852,3.0,0.008004,6.222500000000001,0.000413,0.17520000000000002,0.011269
0.002859,3.0,0.008025,6.2886,0.000413,0.3294,0.011298
0.002867,3.0,0.008046,6.318,0.000414,0.31240000000000007,0.011327
0.002874,3.0,0.008067,6.292799999999999,0.000415,0.3638,0.011356
0.002881,3.0,0.008087,6.1716999999999995,0.000416,0.42450000000000004,0.011384
0.002889,3.0,0.008108,6.277900000000002,0.000417,0.32139999999999996,0.011413
0.002896,3.0,0.008128,6.209100000000001,0.000418,0.3146,0.011442
0.002903,3.0,0.008149,6.2757,0.000418,0.3052,0.011471
0.002911,3.0,0.008170,6.246,0.000419,0.36100000000000004,0.011499
0.002918,3.0,0.008189,5.8705,0.000420,0.16460000000000002,0.011527
0.002925,3.0,0.008210,6.2776000000000005,0.000422,1.0507000000000002,0.011557
0.002932,3.0,0.008230,6.2591,0.000423,0.35219999999999996,0.011586
0.002940,3.0,0.008251,6.2757,0.000424,0.341,0.011615
0.002947,3.0,0.008272,6.2763,0.000425,0.3238000000000001,0.011644
0.002954,3.0,0.008292,5.9676,0.000425,0.3044,0.011671
0.002962,3.0,0.008312,6.277900000000001,0.000426,0.3172000000000001,0.011700
0.002969,3.0,0.008333,6.2741999999999996,0.000427,0.3234000000000001,0.011729
0.002976,3.0,0.008354,6.254700000000001,0.000428,0.3330000000000001,0.011758
0.002984,3.0,0.008374,6.2841000000000005,0.000429,0.3482,0.011787
0.002991,3.0,0.008395,6.214900000000002,0.000429,0.3183,0.011815
0.002998,3.0,0.008416,6.2784,0.000430,0.3205,0.011844
0.003006,3.0,0.008437,6.2874,0.000431,0.2979000000000001,0.011873
0.003013,3.0,0.008457,6.2478,0.000432,0.3551,0.011902
0.003020,3.0,0.008477,5.881100000000001,0.000432,0.20190000000000002,0.011929
0.003028,3.0,0.008497,6.2751,0.000433,0.35309999999999997,0.011958
0.003035,3.0,0.008518,6.2284,0.000434,0.33099999999999996,0.011987
0.003042,3.0,0.008539,6.234,0.000435,0.32189999999999996,0.012016
0.003050,3.0,0.008559,6.2699,0.000436,0.32189999999999996,0.012044
0.003057,3.0,0.008579,5.87,0.000436,0.178,0.012072
0.003064,3.0,0.008599,6.2641,0.000437,0.3361,0.012100
0.003071,3.0,0.008620,6.2833,0.000438,0.322,0.012129
0.003079,3.0,0.008641,6.3157,0.000438,0.2994,0.012158
0.003086,3.0,0.008662,6.321199999999999,0.000439,0.3642,0.012187
0.003093,3.0,0.008682,6.2372,0.000440,0.3381,0.012216
0.003101,3.0,0.008703,6.2004,0.000441,0.312,0.012244
0.003108,3.0,0.008724,6.2387999999999995,0.000442,0.3441,0.012273
0.003115,3.0,0.008744,6.3076,0.000442,0.31390000000000007,0.012302
0.003123,3.0,0.008764,5.905099999999999,0.000443,0.3073,0.012330
0.003130,3.0,0.008785,6.293200000000001,0.000444,0.31390000000000007,0.012358
0.003137,3.0,0.008805,6.301800000000001,0.000445,0.3023,0.012387
0.003145,3.0,0.008826,6.2746,0.000446,0.3595,0.012416
0.003152,3.0,0.008847,6.239800000000001,0.000446,0.33260000000000006,0.012445
0.003159,3.0,0.008866,5.9148000000000005,0.000447,0.15880000000000002,0.012472
0.003167,3.0,0.008887,6.2657,0.000448,0.35229999999999995,0.012501
0.003174,3.0,0.008908,6.251899999999999,0.000448,0.3465,0.012530
0.003181,3.0,0.008928,6.2332,0.000449,0.33299999999999996,0.012559
0.003188,3.0,0.008949,6.280800000000001,0.000450,0.32460000000000006,0.012588
0.003196,3.0,0.008970,6.295800000000001,0.000451,0.254,0.012616
0.003203,3.0,0.008991,6.294499999999999,0.000452,0.3639,0.012645
0.003210,3.0,0.009011,6.295699999999999,0.000452,0.3537,0.012674
0.003218,3.0,0.009032,6.280500000000002,0.000453,0.3494,0.012703
0.003225,3.0,0.009052,5.873100000000001,0.000454,0.3402,0.012731
0.003232,3.0,0.009072,6.3097,0.000455,0.3154,0.012760
0.003240,3.0,0.009093,6.2916,0.000456,0.3279,0.012789
0.003247,3.0,0.009114,6.254900000000001,0.000456,0.32189999999999996,0.012817
0.003254,3.0,0.009135,6.244500000000001,0.000457,0.3411,0.012846
0.003262,3.0,0.009154,5.889100000000001,0.000458,0.17919999999999997,0.012873
0.003269,3.0,0.009175,6.2486999999999995,0.000459,0.3272,0.012902
0.003276,3.0,0.009195,6.242700000000001,0.000459,0.3184,0.012931
0.003284,3.0,0.009216,6.2949,0.000461,0.7952999999999999,0.012961
0.003291,3.0,0.009237,6.262,0.000462,0.3698,0.012990
0.003298,3.0,0.009257,6.263799999999999,0.000463,0.1761,0.013018
0.003305,3.0,0.009278,6.204300000000001,0.000463,0.32199999999999995,0.013047
0.003313,3.0,0.009299,6.3085,0.000464,0.3117,0.013076
0.003320,3.0,0.009320,6.2862,0.000465,0.3043,0.013105
0.003327,3.0,0.009339,5.8812999999999995,0.000466,0.3599,0.013132
0.003335,3.0,0.009360,6.2277000000000005,0.000466,0.3161,0.013161
0.003342,3.0,0.009380,6.286800000000001,0.000467,0.3020999999999999,0.013190
0.003349,3.0,0.009401,6.255999999999999,0.000468,0.36050000000000004,0.013218
0.003357,3.0,0.009422,6.2653,0.000469,0.3493000000000001,0.013247
0.003364,3.0,0.009441,5.8682,0.000469,0.17739999999999997,0.013275
0.003371,3.0,0.009462,6.2807,0.000470,0.37,0.013303
0.003379,3.0,0.009482,6.229100000000002,0.000471,0.3416,0.013332
0.003386,3.0,0.009503,6.227000000000001,0.000472,0.34440000000000004,0.013361
0.003393,3.0,0.009524,6.2743,0.000473,0.3119,0.013389
0.003401,3.0,0.009544,6.2298,0.000473,0.17639999999999997,0.013418
0.003408,3.0,0.009565,6.2846,0.000474,0.32520000000000004,0.013447
0.003415,3.0,0.009585,6.2122,0.000475,0.3191,0.013475
0.003422,3.0,0.009606,6.2974000000000006,0.000475,0.3173,0.013504
0.003430,3.0,0.009626,5.893299999999999,0.000476,0.30280000000000007,0.013532
0.003437,3.0,0.009646,6.199,0.000477,0.3347,0.013560
0.003444,3.0,0.009667,6.262700000000001,0.000478,0.30890000000000006,0.013589
0.003452,3.0,0.009688,6.2993,0.000479,0.2992,0.013618
0.003459,3.0,0.009708,6.2825,0.000479,0.36219999999999997,0.013647
0.003466,3.0,0.009728,5.941800000000001,0.000480,0.1826,0.013674
0.003474,3.0,0.009749,6.2703,0.000481,0.3024,0.013703
0.003481,3.0,0.009770,6.2871999999999995,0.000481,0.36490000000000006,0.013732
0.003488,3.0,0.009790,6.2594,0.000482,0.35050000000000003,0.013761
0.003495,3.0,0.009811,6.2444,0.000483,0.3461,0.013789
0.003503,3.0,0.009832,6.290100000000001,0.000484,0.19319999999999998,0.013818
0.003510,3.0,0.009852,6.2695,0.000484,0.3421,0.013847
0.003517,3.0,0.009873,6.2247,0.000485,0.3404,0.013876
0.003525,3.0,0.009893,6.2378,0.000486,0.32,0.013904
0.003532,3.0,0.009913,5.8754,0.000487,0.3011,0.013932
0.003539,3.0,0.009933,6.220000000000001,0.000488,0.33740000000000003,0.013960
0.003547,3.0,0.009954,6.255,0.000488,0.3091,0.013989
0.003554,3.0,0.009975,6.2979,0.000489,0.2996,0.014018
0.003561,3.0,0.009996,6.254899999999999,0.000490,0.4183,0.014047
0.003569,3.0,0.010015,5.8802,0.000491,0.19219999999999998,0.014074
0.003576,3.0,0.010036,6.2508,0.000491,0.3035,0.014103
0.003583,3.0,0.010056,6.2319,0.000492,0.3598,0.014132
0.003590,3.0,0.010077,6.3058,0.000493,0.34330000000000005,0.014160
0.003598,3.0,0.010098,6.216900000000001,0.000494,0.3343,0.014189
0.003605,3.0,0.010118,6.252100000000001,0.000494,0.1675,0.014218
0.003612,3.0,0.010139,6.2249,0.000495,0.3619,0.014246
0.003620,3.0,0.010159,6.2118,0.000496,0.40940000000000004,0.014275
0.003627,3.0,0.010180,6.2032,0.000497,0.3282,0.014304
0.003634,3.0,0.010200,6.0773,0.000498,0.3143,0.014332
0.003642,3.0,0.010221,6.2865,0.000499,0.3609,0.014361
0.003649,3.0,0.010241,6.2492,0.000500,0.4381000000000001,0.014390
0.003656,3.0,0.010262,6.2199,0.000501,0.34199999999999997,0.014419
0.003664,3.0,0.010282,6.2207,0.000501,0.327,0.014447
0.003671,3.0,0.010302,5.8849,0.000502,0.1799,0.014475
0.003678,3.0,0.010322,6.2513,0.000503,0.522,0.014504
0.003686,3.0,0.010343,6.2125,0.000504,0.335,0.014532
0.003693,3.0,0.010364,6.284,0.000505,0.3133,0.014561
0.003700,3.0,0.010385,6.306299999999999,0.000505,0.33580000000000004,0.014590
0.003707,3.0,0.010405,6.026000000000001,0.000506,0.1682,0.014618
0.003715,3.0,0.010425,6.2423,0.000507,0.30710000000000004,0.014646
0.003722,3.0,0.010446,6.29,0.000507,0.37140000000000006,0.014675
0.003729,3.0,0.010466,6.2512,0.000508,0.35860000000000003,0.014704
0.003737,3.0,0.010487,6.263599999999999,0.000509,0.3729,0.014733
0.003744,3.0,0.010508,6.2544,0.000510,0.3244,0.014762
0.003751,3.0,0.010528,6.2225,0.000511,0.31700000000000006,0.014790
0.003759,3.0,0.010549,6.2854,0.000512,0.30079999999999996,0.014819
0.003766,3.0,0.010570,6.2223,0.000512,0.3589,0.014848
0.003773,3.0,0.010589,5.853800000000001,0.000513,0.18369999999999997,0.014875
0.003780,3.0,0.010610,6.259200000000001,0.000514,0.30850000000000005,0.014904
0.003788,3.0,0.010630,6.285099999999999,0.000515,0.3606,0.014933
0.003795,3.0,0.010651,6.1411,0.000515,0.34029999999999994,0.014961
0.003802,3.0,0.010671,6.214700000000001,0.000516,0.46529999999999994,0.014990
0.003810,3.0,0.010691,5.9181,0.000517,0.2081,0.015018
0.003817,3.0,0.010711,6.244300000000001,0.000518,0.3478,0.015046
0.003824,3.0,0.010732,6.2049,0.000519,0.31980000000000003,0.015075
0.003832,3.0,0.010752,6.2233,0.000519,0.3245,0.015104
0.003839,3.0,0.010773,6.2473,0.000520,0.3048,0.015132
0.003846,3.0,0.010794,6.200100000000001,0.000521,0.3172000000000001,0.015161
0.003854,3.0,0.010814,6.227199999999999,0.000522,0.30469999999999997,0.015189
0.003861,3.0,0.010835,6.252800000000001,0.000523,0.3693,0.015218
0.003868,3.0,0.010856,6.2438,0.000523,0.34950000000000003,0.015247
0.003876,3.0,0.010875,5.864000000000001,0.000524,0.24600000000000002,0.015274
0.003883,3.0,0.010896,6.2909,0.000525,0.30639999999999995,0.015303
0.003890,3.0,0.010916,6.242000000000001,0.000526,0.35700000000000004,0.015332
0.003897,3.0,0.010937,6.2552,0.000526,0.35609999999999997,0.015361
0.003905,3.0,0.010957,6.2016,0.000527,0.33860000000000007,0.015390
0.003912,3.0,0.010977,5.8591,0.000528,0.16260000000000002,0.015417
0.003919,3.0,0.010997,6.2314,0.000529,0.3343,0.015445
0.003927,3.0,0.011018,6.214799999999999,0.000529,0.3366,0.015474
0.003934,3.0,0.011038,6.232900000000001,0.000530,0.3145,0.015502
0.003941,3.0,0.011059,6.2726,0.000531,0.3641,0.015531
0.003949,3.0,0.011080,6.2406999999999995,0.000532,0.3428,0.015560
0.003956,3.0,0.011100,6.2775,0.000533,0.365,0.015589
0.003963,3.0,0.011121,6.2197000000000005,0.000534,0.33499999999999996,0.015618
0.003971,3.0,0.011142,6.261899999999999,0.000534,0.3189,0.015647
0.003978,3.0,0.011161,5.8764,0.000535,0.3075,0.015674
0.003985,3.0,0.011182,6.2103,0.000536,0.3423000000000001,0.015703
0.003992,3.0,0.011202,6.211600000000001,0.000537,0.3195,0.015731
0.004000,3.0,0.011223,6.253399999999999,0.000537,0.29860000000000003,0.015760
0.004007,3.0,0.011243,6.2518,0.000538,0.36200000000000004,0.015789
0.004014,3.0,0.011263,5.883400000000002,0.000539,0.1633,0.015816
0.004022,3.0,0.011283,6.2353000000000005,0.000540,0.3625,0.015845
0.004029,3.0,0.011304,6.2401,0.000540,0.3416,0.015873
0.004036,3.0,0.011325,6.2141,0.000541,0.3439,0.015902
0.004044,3.0,0.011345,6.2629,0.000542,0.31010000000000004,0.015931
0.004051,3.0,0.011366,6.248400000000001,0.000542,0.1609,0.015959
0.004058,3.0,0.011386,6.2127,0.000543,0.3334,0.015988
0.004065,3.0,0.011407,6.2127,0.000544,0.3255,0.016016
0.004073,3.0,0.011428,6.2523,0.000545,0.303,0.016045
0.004080,3.0,0.011447,5.8887,0.000546,0.3641,0.016073
0.004087,3.0,0.011468,6.2844,0.000546,0.3054,0.016101
0.004095,3.0,0.011488,6.2124999999999995,0.000547,0.33980000000000005,0.016130
0.004102,3.0,0.011509,6.1715,0.000548,0.34310000000000007,0.016159
0.004109,3.0,0.011529,6.2618,0.000549,0.2998,0.016187
0.004117,3.0,0.011549,5.8781,0.000549,0.17029999999999998,0.016215
0.004124,3.0,0.011569,6.245899999999999,0.000550,0.3029,0.016243
0.004131,3.0,0.011590,6.2266,0.000551,0.3629,0.016272
0.004138,3.0,0.011610,6.2038,0.000552,0.33309999999999995,0.016300
0.004146,3.0,0.011631,6.1798,0.000552,0.3206,0.016329
0.004153,3.0,0.011651,6.233,0.000553,0.1817,0.016357
0.004160,3.0,0.011672,6.2402999999999995,0.000554,0.36069999999999997,0.016386
0.004168,3.0,0.011693,6.2278,0.000555,0.34419999999999995,0.016415
0.004175,3.0,0.011713,6.1762,0.000555,0.3183,0.016443
0.004182,3.0,0.011732,5.8809,0.000556,0.29560000000000003,0.016471
0.004190,3.0,0.011753,6.232,0.000557,0.31670000000000004,0.016499
0.004197,3.0,0.011774,6.2664,0.000558,0.32530000000000003,0.016528
0.004204,3.0,0.011794,6.2890999999999995,0.000558,0.3359,0.016557
0.004212,3.0,0.011815,6.2635,0.000559,0.3459,0.016586
0.004219,3.0,0.011834,5.8437,0.000560,0.16180000000000003,0.016613
0.004226,3.0,0.011855,6.2832,0.000560,0.3485,0.016642
0.004233,3.0,0.011876,6.2360999999999995,0.000561,0.3378,0.016670
0.004241,3.0,0.011896,6.193700000000001,0.000562,0.34029999999999994,0.016699
0.004248,3.0,0.011917,6.2553,0.000563,0.30419999999999997,0.016728
0.004255,3.0,0.011937,6.2479,0.000563,0.17250000000000001,0.016756
0.004263,3.0,0.011958,6.2659,0.000564,0.32380000000000003,0.016785
0.004270,3.0,0.011979,6.212300000000001,0.000565,0.31410000000000005,0.016813
0.004277,3.0,0.011999,6.2461,0.000566,0.312,0.016842
0.004285,3.0,0.012019,6.0377,0.000566,0.3675,0.016870
0.004292,3.0,0.012040,6.2208000000000006,0.000567,0.3468,0.016899
0.004299,3.0,0.012060,6.263600000000001,0.000568,0.312,0.016928
0.004306,3.0,0.012081,6.3168999999999995,0.000569,0.3639,0.016957
0.004314,3.0,0.012102,6.247800000000001,0.000570,0.3466,0.016986
0.004321,3.0,0.012122,5.916600000000001,0.000570,0.18100000000000002,0.017013
0.004328,3.0,0.012142,6.2775,0.000571,0.43610000000000004,0.017042
0.004336,3.0,0.012163,6.2618,0.000572,0.35890000000000005,0.017071
0.004343,3.0,0.012184,6.2419,0.000573,0.34149999999999997,0.017100
0.004350,3.0,0.012204,6.2335,0.000574,0.34600000000000003,0.017128
0.004358,3.0,0.012224,6.050100000000001,0.000574,0.15699999999999997,0.017156
0.004365,3.0,0.012245,6.223200000000001,0.000575,0.3412,0.017185
0.004372,3.0,0.012265,6.192699999999999,0.000576,0.3172000000000001,0.017213
0.004380,3.0,0.012286,6.314600000000001,0.000577,0.2998,0.017242
0.004387,3.0,0.012307,6.2326999999999995,0.000577,0.35690000000000005,0.017271
0.004394,3.0,0.012327,6.2672,0.000578,0.3269,0.017300
0.004401,3.0,0.012348,6.3044,0.000579,0.322,0.017329
0.004409,3.0,0.012369,6.3012,0.000580,0.30839999999999995,0.017358
0.004416,3.0,0.012390,6.2415,0.000581,0.33629999999999993,0.017386
0.004423,3.0,0.012409,5.8457,0.000581,0.17300000000000001,0.017413
0.004431,3.0,0.012430,6.2887,0.000582,0.36060000000000003,0.017442
0.004438,3.0,0.012450,6.312699999999999,0.000583,0.35669999999999996,0.017471
0.004445,3.0,0.012471,6.2714,0.000584,0.3452000000000001,0.017500
0.004453,3.0,0.012492,6.2458,0.000584,0.33340000000000003,0.017529
0.004460,3.0,0.012511,5.8096,0.000585,0.1647,0.017556
0.004467,3.0,0.012532,6.228,0.000586,0.32439999999999997,0.017584
0.004475,3.0,0.012552,6.208900000000001,0.000586,0.3166,0.017613
0.004482,3.0,0.012573,6.2522,0.000588,0.7342000000000001,0.017643
0.004489,3.0,0.012594,6.302300000000001,0.000589,0.3644,0.017672
0.004496,3.0,0.012614,6.215999999999999,0.000590,0.3417,0.017701
0.004504,3.0,0.012635,6.2753000000000005,0.000591,0.31320000000000003,0.017729
0.004511,3.0,0.012655,6.235500000000001,0.000591,0.3279,0.017758
0.004518,3.0,0.012676,6.2721,0.000592,0.3376,0.017787
0.004526,3.0,0.012696,5.896199999999999,0.000593,0.24579999999999996,0.017814
0.004533,3.0,0.012716,6.305000000000001,0.000594,0.2985,0.017843
0.004540,3.0,0.012737,6.270300000000001,0.000594,0.34950000000000003,0.017872
0.004548,3.0,0.012758,6.228400000000001,0.000595,0.3259,0.017901
0.004555,3.0,0.012778,6.2437000000000005,0.000596,0.3143,0.017929
0.004562,3.0,0.012798,5.858,0.000596,0.1713,0.017957
0.004570,3.0,0.012818,6.226999999999999,0.000597,0.35150000000000003,0.017985
0.004577,3.0,0.012839,6.249899999999999,0.000598,0.33419999999999994,0.018014
0.004584,3.0,0.012860,6.2911,0.000599,0.29790000000000005,0.018043
0.004592,3.0,0.012880,6.282,0.000600,0.35960000000000003,0.018072
0.004599,3.0,0.012901,6.2719000000000005,0.000600,0.2666,0.018100
0.004606,3.0,0.012922,6.2013,0.000601,0.3449,0.018129
0.004613,3.0,0.012943,6.3452,0.000618,6.779000000000001,0.018174
0.004621,3.0,0.012963,6.301100000000001,0.000619,0.4612,0.018203
0.004628,3.0,0.012983,5.8742,0.000620,0.4292999999999999,0.018230
0.004635,3.0,0.013003,6.2702,0.000621,0.3327,0.018259
0.004642,3.0,0.013024,6.259900000000001,0.000621,0.31860000000000005,0.018288
0.004650,3.0,0.013045,6.2872,0.000622,0.3158,0.018317
0.004657,3.0,0.013066,6.2833999999999985,0.000623,0.3741,0.018346
0.004664,3.0,0.013085,5.917400000000001,0.000624,0.1764,0.018373
0.004672,3.0,0.013106,6.2235,0.000624,0.3252,0.018402
0.004679,3.0,0.013126,6.277699999999999,0.000625,0.3206,0.018431
0.004686,3.0,0.013147,6.2526,0.000626,0.33680000000000004,0.018459
0.004694,3.0,0.013168,6.267000000000001,0.000627,0.3444999999999999,0.018488
0.004701,3.0,0.013188,6.203100000000001,0.000627,0.15710000000000002,0.018517
0.004708,3.0,0.013209,6.2448999999999995,0.000628,0.2995,0.018545
0.004716,3.0,0.013230,6.2927,0.000629,0.3532,0.018574
0.004723,3.0,0.013250,6.2335,0.000630,0.35790000000000005,0.018603
0.004730,3.0,0.013270,5.8907,0.000630,0.31640000000000007,0.018630
0.004738,3.0,0.013290,6.2178,0.000631,0.3433,0.018659
0.004745,3.0,0.013311,6.2846,0.000632,0.32170000000000004,0.018688
0.004752,3.0,0.013332,6.2699,0.000633,0.29969999999999997,0.018717
0.004760,3.0,0.013353,6.287,0.000634,0.35609999999999997,0.018746
0.004767,3.0,0.013372,5.868700000000001,0.000634,0.1747,0.018773
0.004774,3.0,0.013393,6.250299999999999,0.000635,0.4095999999999999,0.018802
0.004781,3.0,0.013413,6.2626,0.000636,0.36019999999999996,0.018831
0.004789,3.0,0.013434,6.2904,0.000637,0.3377,0.018860
0.004796,3.0,0.013455,6.2368999999999994,0.000638,0.3279,0.018888
0.004803,3.0,0.013475,6.2671,0.000638,0.1887,0.018917
0.004811,3.0,0.013496,6.3179,0.000639,0.3567000000000001,0.018946
0.004818,3.0,0.013517,6.240500000000001,0.000640,0.3277,0.018975
0.004825,3.0,0.013538,6.235600000000001,0.000641,0.3508,0.019003
0.004833,3.0,0.013557,5.8831,0.000641,0.3182,0.019031
0.004840,3.0,0.013578,6.254299999999999,0.000642,0.36560000000000004,0.019060
0.004847,3.0,0.013598,6.2387,0.000643,0.3479,0.019089
0.004855,3.0,0.013619,6.2833,0.000644,0.34059999999999996,0.019118
0.004862,3.0,0.013640,6.246,0.000645,0.3461,0.019146
0.004869,3.0,0.013659,5.8886,0.000645,0.1807,0.019174
0.004877,3.0,0.013680,6.2649,0.000646,0.363,0.019202
0.004884,3.0,0.013700,6.2583,0.000647,0.36269999999999997,0.019231
0.004891,3.0,0.013721,6.2634,0.000648,0.3562,0.019260
0.004899,3.0,0.013742,6.2295,0.000649,0.3524999999999999,0.019289
0.004906,3.0,0.013763,6.262600000000001,0.000649,0.1581,0.019318
0.004913,3.0,0.013783,6.2441,0.000650,0.3168000000000001,0.019346
0.004921,3.0,0.013804,6.260800000000001,0.000651,0.30449999999999994,0.019375
0.004928,3.0,0.013825,6.257600000000001,0.000651,0.3619,0.019404
0.004935,3.0,0.013844,5.9032,0.000652,0.3646,0.019431
0.004942,3.0,0.013865,6.271500000000001,0.000653,0.3177,0.019460
0.004950,3.0,0.013886,6.2947000000000015,0.000654,0.2966,0.019489
0.004957,3.0,0.013906,6.2681000000000004,0.000655,0.36179999999999995,0.019518
0.004964,3.0,0.013927,6.26,0.000656,0.3618,0.019547
0.004972,3.0,0.013946,5.863200000000001,0.000656,0.1558,0.019574
0.004979,3.0,0.013967,6.286300000000001,0.000657,0.3949999999999999,0.019603
0.004986,3.0,0.013988,6.3364,0.000658,0.3117,0.019632
0.004994,3.0,0.014009,6.2575,0.000659,0.3638,0.019661
0.005001,3.0,0.014029,6.2547999999999995,0.000659,0.358,0.019690
0.005008,3.0,0.014050,6.2712,0.000660,0.1616,0.019718
0.005016,3.0,0.014071,6.261499999999999,0.000661,0.32070000000000004,0.019747
0.005023,3.0,0.014091,6.241200000000001,0.000661,0.3214,0.019776
0.005030,3.0,0.014112,6.2714,0.000662,0.29660000000000003,0.019804
0.005038,3.0,0.014132,6.0600000000000005,0.000663,0.3859000000000001,0.019833
0.005045,3.0,0.014153,6.3121,0.000664,0.3016,0.019862
0.005052,3.0,0.014174,6.2532,0.000665,0.361,0.019890
0.005059,3.0,0.014194,6.2679,0.000666,0.3504,0.019919
0.005067,3.0,0.014215,6.2449,0.000666,0.31809999999999994,0.019948
0.005074,3.0,0.014234,5.8665,0.000667,0.1908,0.019975
0.005081,3.0,0.014255,6.2325,0.000668,0.34120000000000006,0.020004
0.005089,3.0,0.014275,6.2667,0.000668,0.3129,0.020032
0.005096,3.0,0.014296,6.2562,0.000669,0.4664999999999999,0.020062
0.005103,3.0,0.014317,6.227000000000001,0.000670,0.3542,0.020090
0.005111,3.0,0.014337,6.0192,0.000671,0.1652,0.020118
0.005118,3.0,0.014357,6.317000000000001,0.000671,0.299,0.020147
0.005125,3.0,0.014378,6.265700000000001,0.000672,0.3690000000000001,0.020176
0.005132,3.0,0.014399,6.2755,0.000673,0.3477,0.020205
0.005140,3.0,0.014420,6.2486999999999995,0.000674,0.31899999999999995,0.020233
0.005147,3.0,0.014440,6.3069,0.000675,0.3034,0.020262
0.005154,3.0,0.014461,6.256600000000001,0.000676,0.3557,0.020291
0.005162,3.0,0.014482,6.2881,0.000676,0.34630000000000005,0.020320
0.005169,3.0,0.014502,6.2474,0.000677,0.3162,0.020349
0.005176,3.0,0.014522,5.8558,0.000678,0.1691,0.020376
0.005184,3.0,0.014542,6.2174,0.000678,0.3281,0.020404
0.005191,3.0,0.014563,6.301699999999999,0.000679,0.32030000000000003,0.020433
0.005198,3.0,0.014584,6.2802999999999995,0.000680,0.3029,0.020462
0.005206,3.0,0.014605,6.3142,0.000681,0.36839999999999995,0.020491
0.005213,3.0,0.014624,5.8823,0.000681,0.1894,0.020518
0.005220,3.0,0.014645,6.3050999999999995,0.000682,0.4526,0.020548
0.005228,3.0,0.014666,6.3144,0.000683,0.297,0.020577
0.005235,3.0,0.014687,6.2693,0.000684,0.34850000000000003,0.020605
0.005242,3.0,0.014707,6.2406999999999995,0.000685,0.3512,0.020634
0.005249,3.0,0.014728,6.272900000000001,0.000686,0.3175,0.020663
0.005257,3.0,0.014749,6.2676,0.000687,0.3607,0.020692
0.005264,3.0,0.014769,6.2769,0.000687,0.34800000000000003,0.020721
0.005271,3.0,0.014790,6.2799,0.000688,0.32080000000000003,0.020750
0.005279,3.0,0.014810,5.911300000000001,0.000689,0.2603,0.020777
0.005286,3.0,0.014830,6.205500000000001,0.000690,0.34419999999999995,0.020806
0.005293,3.0,0.014851,6.3098,0.000690,0.315,0.020835
0.005301,3.0,0.014872,6.2731,0.000691,0.30280000000000007,0.020863
0.005308,3.0,0.014892,6.258699999999999,0.000692,0.3630999999999999,0.020892
0.005315,3.0,0.014912,5.8941,0.000692,0.1593,0.020920
0.005323,3.0,0.014932,6.262700000000001,0.000693,0.3155,0.020948
0.005330,3.0,0.014953,6.2683,0.000694,0.3042,0.020977
0.005337,3.0,0.014974,6.2730999999999995,0.000695,0.365,0.021006
0.005344,3.0,0.014995,6.255599999999999,0.000696,0.3447,0.021035
0.005352,3.0,0.015015,6.2683,0.000696,0.2502000000000001,0.021063
0.005359,3.0,0.015036,6.330799999999999,0.000697,0.3094,0.021092
0.005366,3.0,0.015057,6.2839,0.000698,0.3605,0.021121
0.005374,3.0,0.015078,6.3118,0.000699,0.3463,0.021150
0.005381,3.0,0.015097,5.8826,0.000700,0.3325,0.021178
0.005388,3.0,0.015118,6.320399999999999,0.000700,0.3698,0.021207
0.005396,3.0,0.015139,6.255699999999999,0.000701,0.3501000000000001,0.021236
0.005403,3.0,0.015159,6.2329,0.000702,0.3386000000000001,0.021264
0.005410,3.0,0.015180,6.264899999999999,0.000703,0.32050000000000006,0.021293
0.005418,3.0,0.015199,5.8469,0.000703,0.16210000000000002,0.021320
0.005425,3.0,0.015220,6.252100000000001,0.000704,0.3264,0.021349
0.005432,3.0,0.015241,6.2648,0.000705,0.3185,0.021378
0.005439,3.0,0.015261,6.272700000000001,0.000706,0.2995,0.021406
0.005447,3.0,0.015282,6.2981,0.000706,0.35540000000000005,0.021435
0.005454,3.0,0.015303,6.2191,0.000707,0.1665,0.021464
0.005461,3.0,0.015323,6.2334,0.000708,0.2961,0.021492
0.005469,3.0,0.015344,6.286900000000001,0.000708,0.35489999999999994,0.021521
0.005476,3.0,0.015365,6.2709,0.000709,0.32609999999999995,0.021550
0.005483,3.0,0.015384,5.8944,0.000710,0.3195,0.021578
0.005491,3.0,0.015405,6.2224,0.000711,0.34199999999999997,0.021606
0.005498,3.0,0.015425,6.2248,0.000712,0.3421,0.021635
0.005505,3.0,0.015446,6.239,0.000712,0.3146,0.021664
0.005513,3.0,0.015467,6.290200000000001,0.000713,0.29590000000000005,0.021692
0.005520,3.0,0.015486,5.9074,0.000714,0.18160000000000004,0.021720
0.005527,3.0,0.015507,6.2875000000000005,0.000714,0.30460000000000004,0.021748
0.005534,3.0,0.015528,6.270100000000001,0.000715,0.34750000000000003,0.021777
0.005542,3.0,0.015548,6.2935,0.000716,0.3153,0.021806
0.005549,3.0,0.015569,6.2642999999999995,0.000718,0.7915,0.021836
0.005556,3.0,0.015590,6.2893,0.000718,0.1982,0.021865
0.005564,3.0,0.015610,6.2256,0.000719,0.3407,0.021893
0.005571,3.0,0.015631,6.2347,0.000720,0.31640000000000007,0.021922
0.005578,3.0,0.015652,6.2905999999999995,0.000721,0.3339,0.021951
0.005586,3.0,0.015671,5.8584000000000005,0.000722,0.46790000000000004,0.021979
0.005593,3.0,0.015692,6.2143,0.000723,0.32699999999999996,0.022007
0.005600,3.0,0.015712,6.2062,0.000723,0.3196,0.022036
0.005607,3.0,0.015733,6.241300000000001,0.000724,0.32839999999999997,0.022065
0.005615,3.0,0.015754,6.2555,0.000725,0.29710000000000003,0.022093
0.005622,3.0,0.015773,5.884800000000001,0.000725,0.1577,0.022121
0.005629,3.0,0.015794,6.2662,0.000726,0.29660000000000003,0.022149
0.005637,3.0,0.015814,6.2697,0.000727,0.35910000000000003,0.022178
0.005644,3.0,0.015835,6.2363,0.000728,0.3298,0.022207
0.005651,3.0,0.015855,6.2269,0.000729,0.3247,0.022235
0.005659,3.0,0.015876,6.300199999999999,0.000729,0.18160000000000004,0.022264
0.005666,3.0,0.015897,6.256000000000001,0.000730,0.3511,0.022293
0.005673,3.0,0.015918,6.2433,0.000731,0.364,0.022322
0.005680,3.0,0.015938,6.2364,0.000732,0.3241,0.022350
0.005688,3.0,0.015958,5.9616999999999996,0.000732,0.30240000000000006,0.022378
0.005695,3.0,0.015978,6.202,0.000733,0.4451000000000001,0.022407
0.005702,3.0,0.015999,6.2797,0.000734,0.3044,0.022436
0.005710,3.0,0.016020,6.261100000000001,0.000735,0.35790000000000005,0.022464
0.005717,3.0,0.016040,6.2307,0.000736,0.34059999999999996,0.022493
0.005724,3.0,0.016060,5.926899999999999,0.000736,0.186,0.022521
0.005732,3.0,0.016081,6.2732,0.000737,0.3562,0.022549
0.005739,3.0,0.016101,6.2752,0.000738,0.3358,0.022578
0.005746,3.0,0.016122,6.254700000000001,0.000739,0.33,0.022607
0.005754,3.0,0.016143,6.2696000000000005,0.000740,0.4445,0.022636
0.005761,3.0,0.016163,6.2171,0.000740,0.1877,0.022665
0.005768,3.0,0.016184,6.272799999999999,0.000741,0.3226,0.022693
0.005776,3.0,0.016205,6.2194,0.000742,0.3161,0.022722
0.005783,3.0,0.016225,6.264100000000001,0.000743,0.3042,0.022751
0.005790,3.0,0.016246,6.2973,0.000743,0.3601,0.022780
0.005798,3.0,0.016267,6.2188,0.000744,0.3413,0.022808
0.005805,3.0,0.016287,6.276700000000001,0.000745,0.3236,0.022837
0.005812,3.0,0.016308,6.2492,0.000746,0.4044,0.022866
0.005819,3.0,0.016328,6.220400000000001,0.000747,0.33399999999999996,0.022895
0.005827,3.0,0.016348,5.892000000000001,0.000747,0.1888,0.022922
0.005834,3.0,0.016369,6.2383999999999995,0.000748,0.34680000000000005,0.022951
0.005841,3.0,0.016389,6.218100000000001,0.000749,0.3173,0.022979
0.005849,3.0,0.016410,6.2744,0.000750,0.3079,0.023008
0.005856,3.0,0.016431,6.2955,0.000751,0.3603,0.023037
0.005863,3.0,0.016450,5.8957999999999995,0.000751,0.17370000000000002,0.023064
0.005871,3.0,0.016471,6.2353000000000005,0.000752,0.29989999999999994,0.023093
0.005878,3.0,0.016491,6.2449,0.000753,0.361,0.023122
0.005885,3.0,0.016512,6.255400000000001,0.000754,0.35790000000000005,0.023151
0.005892,3.0,0.016533,6.263700000000001,0.000754,0.35730000000000006,0.023180
0.005900,3.0,0.016553,6.2218,0.000755,0.3107,0.023208
0.005907,3.0,0.016574,6.2559,0.000756,0.30639999999999995,0.023237
0.005914,3.0,0.016594,6.245000000000001,0.000757,0.3654,0.023266
0.005922,3.0,0.016615,6.232,0.000758,0.3258,0.023294
0.005929,3.0,0.016634,5.7537,0.000758,0.2157,0.023321
0.005936,3.0,0.016655,6.2115,0.000759,0.3336,0.023350
0.005944,3.0,0.016675,6.231000000000001,0.000760,0.3192,0.023378
0.005951,3.0,0.016696,6.295200000000001,0.000760,0.3014,0.023407
0.005958,3.0,0.016717,6.2608,0.000761,0.34259999999999996,0.023436
0.005966,3.0,0.016736,5.863899999999999,0.000762,0.1757,0.023463
0.005973,3.0,0.016756,6.198100000000001,0.000762,0.31589999999999996,0.023492
0.005980,3.0,0.016777,6.2738,0.000763,0.30079999999999996,0.023521
0.005987,3.0,0.016798,6.2546,0.000764,0.35650000000000004,0.023549
0.005995,3.0,0.016818,6.2181,0.000765,0.3141,0.023578
0.006002,3.0,0.016839,6.235,0.000766,0.3016,0.023607
0.006009,3.0,0.016860,6.3137,0.000766,0.30150000000000005,0.023636
0.006017,3.0,0.016880,6.2163,0.000767,0.35280000000000006,0.023664
0.006024,3.0,0.016901,6.262700000000001,0.000768,0.3421,0.023693
0.006031,3.0,0.016921,5.8817,0.000769,0.3409000000000001,0.023721
0.006039,3.0,0.016941,6.2736,0.000770,0.3437,0.023749
0.006046,3.0,0.016962,6.2334000000000005,0.000770,0.3252,0.023778
0.006053,3.0,0.016982,6.2115,0.000771,0.32380000000000003,0.023807
0.006061,3.0,0.017003,6.2613,0.000772,0.311,0.023836
0.006068,3.0,0.017022,5.843100000000001,0.000772,0.1779,0.023863
0.006075,3.0,0.017043,6.2246000000000015,0.000773,0.335,0.023891
0.006082,3.0,0.017064,6.2784,0.000774,0.31980000000000003,0.023920
0.006090,3.0,0.017084,6.2482,0.000775,0.29880000000000007,0.023949
0.006097,3.0,0.017105,6.2787999999999995,0.000776,0.3556,0.023978
0.006104,3.0,0.017126,6.2079,0.000776,0.1938,0.024006
0.006112,3.0,0.017146,6.2991,0.000777,0.4504000000000001,0.024035
0.006119,3.0,0.017167,6.301900000000001,0.000778,0.3014,0.024064
0.006126,3.0,0.017188,6.2661,0.000779,0.3471,0.024093
0.006134,3.0,0.017207,5.882899999999999,0.000780,0.33440000000000003,0.024120
0.006141,3.0,0.017228,6.2622,0.000780,0.3566,0.024149
0.006148,3.0,0.017249,6.2358,0.000781,0.32510000000000006,0.024178
0.006156,3.0,0.017269,6.214499999999999,0.000782,0.3276,0.024207
0.006163,3.0,0.017290,6.2706,0.000783,0.30920000000000003,0.024235
0.006170,3.0,0.017309,5.875,0.000783,0.25390000000000007,0.024263
0.006177,3.0,0.017330,6.2306,0.000784,0.31720000000000004,0.024291
0.006185,3.0,0.017350,6.2692000000000005,0.000785,0.3106,0.024320
0.006192,3.0,0.017371,6.3141,0.000786,0.3756000000000001,0.024349
0.006199,3.0,0.017392,6.240599999999999,0.000787,0.3562,0.024378
0.006207,3.0,0.017413,6.2143,0.000787,0.1627,0.024407
0.006214,3.0,0.017433,6.2844,0.000788,0.3042,0.024435
0.006221,3.0,0.017454,6.2585999999999995,0.000789,0.3638,0.024464
0.006229,3.0,0.017474,6.194300000000001,0.000790,0.34480000000000005,0.024493
0.006236,3.0,0.017494,5.924600000000001,0.000790,0.33730000000000004,0.024521
0.006243,3.0,0.017515,6.2943,0.000791,0.3541,0.024549
0.006251,3.0,0.017536,6.268099999999999,0.000792,0.35679999999999995,0.024578
0.006258,3.0,0.017556,6.2371,0.000793,0.34249999999999997,0.024607
0.006265,3.0,0.017577,6.1935,0.000794,0.3121,0.024636
0.006273,3.0,0.017596,5.864700000000001,0.000794,0.2541,0.024663
0.006280,3.0,0.017617,6.242900000000001,0.000795,0.3406,0.024692
0.006287,3.0,0.017637,6.286099999999999,0.000796,0.30240000000000006,0.024720
0.006295,3.0,0.017658,6.2928999999999995,0.000797,0.36290000000000006,0.024749
0.006302,3.0,0.017679,6.223599999999999,0.000798,0.35120000000000007,0.024778
0.006309,3.0,0.017699,6.274100000000001,0.000798,0.18080000000000004,0.024807
0.006316,3.0,0.017720,6.2222,0.000799,0.32660000000000006,0.024835
0.006324,3.0,0.017741,6.2489,0.000801,0.7087000000000001,0.024865
0.006331,3.0,0.017761,6.2665999999999995,0.000801,0.3197,0.024894
0.006338,3.0,0.017781,5.8849,0.000802,0.36040000000000005,0.024921
0.006346,3.0,0.017801,6.237400000000001,0.000803,0.4382,0.024950
0.006353,3.0,0.017822,6.243,0.000804,0.3404,0.024979
0.006360,3.0,0.017843,6.3157,0.000805,0.3619,0.025008
0.006368,3.0,0.017864,6.316599999999999,0.000806,0.34080000000000005,0.025037
0.006375,3.0,0.017883,5.946400000000001,0.000806,0.20190000000000002,0.025065
0.006382,3.0,0.017904,6.338,0.000807,0.3258,0.025094
0.006390,3.0,0.017925,6.2612000000000005,0.000808,0.3145,0.025123
0.006397,3.0,0.017946,6.276400000000001,0.000809,0.33,0.025152
0.006404,3.0,0.017966,6.230499999999999,0.000810,0.35030000000000006,0.025181
0.006412,3.0,0.017987,6.299799999999999,0.000810,0.2135,0.025209
0.006419,3.0,0.018008,6.2854,0.000811,0.4314,0.025238
0.006426,3.0,0.018029,6.317200000000001,0.000812,0.3097,0.025268
0.006434,3.0,0.018050,6.3238,0.000813,0.3146,0.025297
0.006441,3.0,0.018070,5.9671,0.000814,0.3389,0.025324
0.006449,3.0,0.018090,6.2492,0.000814,0.3502,0.025353
0.006456,3.0,0.018111,6.245499999999999,0.000815,0.3778,0.025382
0.006463,3.0,0.018132,6.239599999999999,0.000816,0.3253,0.025411
0.006471,3.0,0.018152,6.2604999999999995,0.000817,0.3496,0.025440
0.006478,3.0,0.018172,5.911600000000001,0.000817,0.1933,0.025467
0.006485,3.0,0.018193,6.293300000000001,0.000818,0.33120000000000005,0.025496
0.006493,3.0,0.018214,6.3188,0.000819,0.35459999999999997,0.025525
0.006500,3.0,0.018235,6.3103,0.000820,0.3653000000000001,0.025555
0.006507,3.0,0.018256,6.4069,0.000824,1.7107000000000003,0.025587
0.006515,3.0,0.018277,6.349600000000001,0.000825,0.2153,0.025616
0.006522,3.0,0.018298,6.3511,0.000825,0.3121999999999999,0.025645
0.006529,3.0,0.018319,6.3012,0.000826,0.3293,0.025674
0.006537,3.0,0.018339,6.317200000000002,0.000827,0.3498,0.025703
0.006544,3.0,0.018359,6.032100000000002,0.000828,0.3578,0.025731
0.006551,3.0,0.018380,6.3191000000000015,0.000829,0.36710000000000004,0.025760
0.006559,3.0,0.018401,6.2973,0.000830,0.31520000000000004,0.025789
0.006566,3.0,0.018422,6.2954,0.000831,0.34650000000000003,0.025818
0.006573,3.0,0.018443,6.302,0.000831,0.3451,0.025847
0.006581,3.0,0.018462,5.9473,0.000832,0.2021,0.025875
0.006588,3.0,0.018483,6.3503,0.000833,0.318,0.025904
0.006595,3.0,0.018504,6.2768,0.000833,0.32730000000000004,0.025933
0.006602,3.0,0.018525,6.2941,0.000834,0.33890000000000003,0.025962
0.006610,3.0,0.018546,6.3302,0.000835,0.3511,0.025991
0.006617,3.0,0.018567,6.2838,0.000836,0.25460000000000005,0.026020
0.006624,3.0,0.018588,6.293799999999999,0.000837,0.32060000000000005,0.026049
0.006632,3.0,0.018608,6.2753000000000005,0.000837,0.33449999999999996,0.026077
0.006639,3.0,0.018629,6.284000000000001,0.000838,0.3318,0.026106
0.006646,3.0,0.018649,6.0259,0.000839,0.3808,0.026135
0.006654,3.0,0.018670,6.2904,0.000840,0.31610000000000005,0.026163
0.006661,3.0,0.018690,6.271100000000001,0.000841,0.3319,0.026192
0.006668,3.0,0.018711,6.292299999999999,0.000842,0.3598,0.026221
0.006676,3.0,0.018732,6.335,0.000843,0.7314,0.026251
0.006683,3.0,0.018752,5.9754000000000005,0.000844,0.19319999999999998,0.026279
0.006690,3.0,0.018773,6.270100000000001,0.000845,0.31849999999999995,0.026308
0.006698,3.0,0.018793,6.2675,0.000845,0.3355,0.026337
0.006705,3.0,0.018814,6.2794,0.000846,0.3623,0.026366
0.006712,3.0,0.018835,6.3175,0.000847,0.35090000000000005,0.026395
0.006720,3.0,0.018856,6.3114,0.000848,0.3732,0.026424
0.006727,3.0,0.018877,6.3168,0.000849,0.3028,0.026453
0.006734,3.0,0.018898,6.2737,0.000850,0.3241,0.026482
0.006742,3.0,0.018918,6.289599999999999,0.000850,0.3464000000000001,0.026511
0.006749,3.0,0.018938,5.9689,0.000851,0.24310000000000004,0.026538
0.006756,3.0,0.018959,6.328,0.000852,0.3526,0.026567
0.006764,3.0,0.018980,6.348700000000001,0.000853,0.3134,0.026596
0.006771,3.0,0.019001,6.274900000000001,0.000853,0.31779999999999997,0.026625
0.006778,3.0,0.019022,6.243600000000001,0.000854,0.33799999999999997,0.026654
0.006786,3.0,0.019041,5.9569,0.000855,0.20869999999999997,0.026682
0.006793,3.0,0.019062,6.273,0.000856,0.34430000000000005,0.026711
0.006800,3.0,0.019083,6.3081000000000005,0.000856,0.35019999999999996,0.026739
0.006808,3.0,0.019104,6.3009,0.000857,0.37939999999999996,0.026769
0.006815,3.0,0.019124,6.3127,0.000858,0.327,0.026798
0.006822,3.0,0.019145,6.2553,0.000859,0.3805,0.026826
0.006830,3.0,0.019166,6.2668,0.000860,0.35209999999999997,0.026855
0.006837,3.0,0.019187,6.328100000000001,0.000861,0.37039999999999995,0.026885
0.006844,3.0,0.019208,6.332600000000001,0.000862,0.3791,0.026914
0.006852,3.0,0.019227,5.9647,0.000862,0.2015,0.026941
0.006859,3.0,0.019248,6.3405000000000005,0.000863,0.30500000000000005,0.026970
0.006866,3.0,0.019269,6.3173,0.000864,0.3309,0.026999
0.006874,3.0,0.019290,6.3176,0.000865,0.3271,0.027028
0.006881,3.0,0.019311,6.285100000000001,0.000866,0.3508,0.027057
0.006888,3.0,0.019332,6.308400000000001,0.000866,0.19580000000000003,0.027086
0.006895,3.0,0.019353,6.287799999999999,0.000867,0.3776,0.027115
0.006903,3.0,0.019373,6.318,0.000868,0.3115,0.027144
0.006910,3.0,0.019394,6.2679,0.000868,0.3234000000000001,0.027173
0.006917,3.0,0.019414,6.1089,0.000869,0.35710000000000014,0.027201
0.006925,3.0,0.019435,6.291200000000001,0.000870,0.3282,0.027230
0.006932,3.0,0.019456,6.2395000000000005,0.000871,0.4101,0.027259
0.006939,3.0,0.019477,6.297800000000001,0.000872,0.35130000000000006,0.027288
0.006947,3.0,0.019497,6.3247,0.000873,0.3518,0.027317
0.006954,3.0,0.019517,5.9564,0.000873,0.1952,0.027345
0.006961,3.0,0.019538,6.3438,0.000874,0.36869999999999997,0.027374
0.006969,3.0,0.019559,6.2934,0.000875,0.33240000000000003,0.027403
0.006976,3.0,0.019580,6.3192,0.000876,0.3429,0.027432
0.006983,3.0,0.019601,6.283899999999999,0.000877,0.3562,0.027461
0.006991,3.0,0.019621,6.285000000000002,0.000877,0.2043,0.027489
0.006998,3.0,0.019642,6.336799999999999,0.000878,0.34720000000000006,0.027518
0.007005,3.0,0.019663,6.339799999999999,0.000879,0.3718,0.027548
0.007013,3.0,0.019684,6.3294,0.000880,0.30920000000000003,0.027577
0.007020,3.0,0.019704,5.9568,0.000881,0.38970000000000005,0.027605
0.007027,3.0,0.019725,6.330299999999999,0.000881,0.3189,0.027634
0.007035,3.0,0.019746,6.330799999999999,0.000882,0.3136,0.027663
0.007042,3.0,0.019766,6.2582,0.000883,0.3229,0.027691
0.007049,3.0,0.019787,6.3165000000000004,0.000884,0.34669999999999995,0.027720
0.007057,3.0,0.019807,5.9674,0.000884,0.2239,0.027748
0.007064,3.0,0.019828,6.2949,0.000885,0.34609999999999996,0.027777
0.007071,3.0,0.019849,6.298699999999999,0.000886,0.3076,0.027806
0.007078,3.0,0.019869,6.306399999999999,0.000887,0.3077,0.027835
0.007086,3.0,0.019890,6.2481,0.000888,0.32639999999999997,0.027864
0.007093,3.0,0.019911,6.265100000000001,0.000888,0.19419999999999998,0.027892
0.007100,3.0,0.019932,6.3351,0.000889,0.3487,0.027921
0.007108,3.0,0.019953,6.3414,0.000890,0.3761,0.027950
0.007115,3.0,0.019974,6.3252,0.000891,0.3124,0.027979
0.007122,3.0,0.019993,5.987699999999999,0.000891,0.31839999999999996,0.028007
0.007130,3.0,0.020014,6.3422,0.000892,0.30870000000000003,0.028036
0.007137,3.0,0.020035,6.2751,0.000893,0.32180000000000003,0.028065
0.007144,3.0,0.020056,6.2781,0.000894,0.3739,0.028094
0.007152,3.0,0.020077,6.272,0.000895,0.34619999999999995,0.028123
0.007159,3.0,0.020096,5.9837,0.000895,0.2003,0.028151
0.007166,3.0,0.020117,6.2600999999999996,0.000896,0.3451,0.028179
0.007174,3.0,0.020138,6.335100000000001,0.000897,0.34240000000000004,0.028208
0.007181,3.0,0.020159,6.332199999999999,0.000898,0.30619999999999997,0.028238
0.007188,3.0,0.020180,6.333,0.000898,0.3083,0.028266
0.007196,3.0,0.020201,6.2627,0.000899,0.20670000000000005,0.028295
0.007203,3.0,0.020221,6.3034,0.000900,0.33930000000000005,0.028324
0.007210,3.0,0.020242,6.2934,0.000900,0.3407,0.028353
0.007218,3.0,0.020263,6.3062000000000005,0.000901,0.3341,0.028382
0.007225,3.0,0.020283,6.003100000000001,0.000902,0.34450000000000003,0.028410
0.007232,3.0,0.020303,6.216900000000001,0.000903,0.32839999999999997,0.028439
0.007240,3.0,0.020324,6.2813,0.000904,0.3243,0.028468
0.007247,3.0,0.020345,6.292999999999999,0.000905,0.3448,0.028496
0.007254,3.0,0.020366,6.282100000000001,0.000905,0.34249999999999997,0.028525
0.007261,3.0,0.020386,5.9875,0.000906,0.20929999999999999,0.028553
0.007269,3.0,0.020406,6.305600000000001,0.000907,0.34029999999999994,0.028582
0.007276,3.0,0.020427,6.3444,0.000908,0.3124,0.028611
0.007283,3.0,0.020448,6.3115000000000006,0.000908,0.3086,0.028640
0.007291,3.0,0.020469,6.2948,0.000909,0.328,0.028669
0.007298,3.0,0.020490,6.2722999999999995,0.000910,0.1951,0.028697
0.007305,3.0,0.020511,6.2848999999999995,0.000910,0.32449999999999996,0.028726
0.007313,3.0,0.020531,6.3043000000000005,0.000911,0.33940000000000003,0.028755
0.007320,3.0,0.020552,6.349200000000001,0.000912,0.32920000000000005,0.028784
0.007327,3.0,0.020572,5.9819,0.000913,0.3609,0.028812
0.007335,3.0,0.020593,6.3223,0.000914,0.3592,0.028841
0.007342,3.0,0.020614,6.3209,0.000915,0.34130000000000005,0.028870
0.007349,3.0,0.020635,6.324600000000001,0.000918,1.5528,0.028902
0.007357,3.0,0.020656,6.285099999999999,0.000919,0.32680000000000003,0.028931
0.007364,3.0,0.020676,6.007199999999999,0.000920,0.2105,0.028959
0.007371,3.0,0.020696,6.2848999999999995,0.000921,0.3527,0.028988
0.007379,3.0,0.020717,6.335800000000001,0.000921,0.3389,0.029017
0.007386,3.0,0.020738,6.283299999999999,0.000922,0.3709,0.029046
0.007393,3.0,0.020759,6.315099999999999,0.000923,0.3654,0.029075
0.007401,3.0,0.020780,6.2988,0.000924,0.2601,0.029104
0.007408,3.0,0.020801,6.2915,0.000925,0.31039999999999995,0.029133
0.007415,3.0,0.020821,6.288300000000001,0.000925,0.32910000000000006,0.029162
0.007423,3.0,0.020842,6.2421,0.000926,0.34120000000000006,0.029191
0.007430,3.0,0.020862,5.9839,0.000927,0.3229,0.029219
0.007437,3.0,0.020882,6.290100000000001,0.000928,0.35030000000000006,0.029247
0.007444,3.0,0.020903,6.321599999999999,0.000929,0.3482,0.029276
0.007452,3.0,0.020924,6.324299999999999,0.000930,0.373,0.029306
0.007459,3.0,0.020945,6.347199999999999,0.000930,0.30200000000000005,0.029335
0.007466,3.0,0.020965,5.9884,0.000931,0.20980000000000001,0.029362
0.007474,3.0,0.020986,6.2944,0.000932,0.3056,0.029391
0.007481,3.0,0.021007,6.2738,0.000932,0.3226,0.029420
0.007488,3.0,0.021027,6.301800000000001,0.000933,0.33699999999999997,0.029449
0.007496,3.0,0.021048,6.2907,0.000934,0.3291,0.029478
0.007503,3.0,0.021069,6.2735,0.000935,0.3477,0.029507
0.007510,3.0,0.021090,6.350499999999999,0.000936,0.33690000000000003,0.029536
0.007518,3.0,0.021111,6.3285,0.000937,0.36739999999999995,0.029565
0.007525,3.0,0.021132,6.288800000000001,0.000937,0.3089,0.029594
0.007532,3.0,0.021152,6.0285,0.000938,0.24020000000000005,0.029622
0.007540,3.0,0.021172,6.3379,0.000939,0.3076,0.029651
0.007547,3.0,0.021193,6.305400000000001,0.000939,0.3282,0.029680
0.007554,3.0,0.021214,6.269,0.000940,0.35090000000000005,0.029709
0.007562,3.0,0.021235,6.3355999999999995,0.000941,0.34140000000000004,0.029738
0.007569,3.0,0.021255,6.017900000000001,0.000942,0.2198,0.029766
0.007576,3.0,0.021276,6.315499999999999,0.000943,0.37190000000000006,0.029795
0.007584,3.0,0.021297,6.3464,0.000943,0.3111,0.029824
0.007591,3.0,0.021318,6.3021,0.000944,0.32599999999999996,0.029853
0.007598,3.0,0.021338,6.2921000000000005,0.000945,0.3367,0.029882
0.007606,3.0,0.021359,6.288300000000002,0.000946,0.33099999999999996,0.029911
0.007613,3.0,0.021380,6.2837,0.000947,0.33720000000000006,0.029940
0.007620,3.0,0.021401,6.3407,0.000947,0.3433,0.029969
0.007628,3.0,0.021422,6.3412999999999995,0.000948,0.3256,0.029998
0.007635,3.0,0.021442,5.999099999999999,0.000949,0.198,0.030025
0.007642,3.0,0.021463,6.3046,0.000949,0.30650000000000005,0.030054
0.007650,3.0,0.021483,6.276400000000001,0.000950,0.32220000000000004,0.030083
0.007657,3.0,0.021504,6.2706,0.000951,0.3512,0.030112
0.007664,3.0,0.021525,6.326,0.000952,0.3439,0.030141
0.007672,3.0,0.021545,6.1476999999999995,0.000952,0.20459999999999998,0.030169
0.007679,3.0,0.021566,6.336799999999999,0.000953,0.378,0.030199
0.007686,3.0,0.021587,6.2943,0.000954,0.32680000000000003,0.030227
0.007694,3.0,0.021608,6.2899,0.000955,0.3354,0.030256
0.007701,3.0,0.021629,6.240000000000001,0.000956,0.3289,0.030285
0.007708,3.0,0.021649,6.312600000000001,0.000957,0.349,0.030314
0.007715,3.0,0.021670,6.331300000000001,0.000957,0.34819999999999995,0.030343
0.007723,3.0,0.021691,6.3624,0.000958,0.3052,0.030372
0.007730,3.0,0.021712,6.2748,0.000959,0.3288,0.030401
0.007738,3.0,0.021732,6.0175,0.000960,0.2081,0.030429
0.007745,3.0,0.021753,6.285000000000001,0.000960,0.3358,0.030458
0.007752,3.0,0.021773,6.258100000000001,0.000961,0.34809999999999997,0.030487
0.007759,3.0,0.021794,6.2705,0.000962,0.3333,0.030516
0.007767,3.0,0.021815,6.3393999999999995,0.000963,0.36129999999999995,0.030545
0.007774,3.0,0.021836,6.2856000000000005,0.000963,0.1978,0.030573
0.007781,3.0,0.021857,6.2676,0.000964,0.32530000000000003,0.030602
0.007789,3.0,0.021877,6.2966999999999995,0.000965,0.3359,0.030631
0.007796,3.0,0.021898,6.2541,0.000966,0.3350000000000001,0.030660
0.007803,3.0,0.021918,6.041600000000001,0.000967,0.3426,0.030688
0.007811,3.0,0.021939,6.3122,0.000968,0.3627,0.030717
0.007818,3.0,0.021960,6.294500000000001,0.000968,0.31690000000000007,0.030746
0.007825,3.0,0.021981,6.301699999999999,0.000969,0.33610000000000007,0.030775
0.007833,3.0,0.022001,6.2854,0.000970,0.32520000000000004,0.030804
0.007840,3.0,0.022021,5.9548000000000005,0.000970,0.22349999999999998,0.030832
0.007847,3.0,0.022042,6.341600000000001,0.000971,0.3461,0.030861
0.007855,3.0,0.022063,6.3378000000000005,0.000972,0.363,0.030890
0.007862,3.0,0.022084,6.371,0.000973,0.36250000000000004,0.030919
0.007869,3.0,0.022105,6.3132,0.000974,0.32189999999999996,0.030948
0.007877,3.0,0.022126,6.3218,0.000974,0.1963,0.030977
0.007884,3.0,0.022147,6.291400000000001,0.000975,0.32799999999999996,0.031006
0.007891,3.0,0.022167,6.2714,0.000976,0.3453,0.031035
0.007899,3.0,0.022188,6.317200000000001,0.000977,0.3475,0.031064
0.007906,3.0,0.022208,5.992800000000001,0.000978,0.3417,0.031092
0.007913,3.0,0.022229,6.2736,0.000979,0.3477,0.031120
0.007921,3.0,0.022250,6.287999999999999,0.000979,0.39580000000000004,0.031150
0.007928,3.0,0.022270,6.308999999999999,0.000980,0.311,0.031179
0.007935,3.0,0.022291,6.3152,0.000981,0.33999999999999997,0.031208
0.007943,3.0,0.022311,5.9713,0.000982,0.20980000000000007,0.031235
0.007950,3.0,0.022332,6.350199999999999,0.000982,0.3517,0.031265
0.007957,3.0,0.022353,6.3105,0.000983,0.3901,0.031294
0.007965,3.0,0.022374,6.308999999999999,0.000984,0.3366,0.031323
0.007972,3.0,0.022395,6.2663,0.000985,0.3483,0.031352
0.007979,3.0,0.022415,6.2493,0.000986,0.19290000000000002,0.031380
0.007987,3.0,0.022436,6.3527000000000005,0.000986,0.368,0.031410
0.007994,3.0,0.022457,6.3324,0.000987,0.32189999999999996,0.031439
0.008002,3.0,0.022478,6.3239,0.000988,0.3476,0.031468
0.008009,3.0,0.022498,5.970599999999999,0.000989,0.3603,0.031496
0.008016,3.0,0.022519,6.2517000000000005,0.000990,0.3478,0.031525
0.008024,3.0,0.022540,6.302300000000001,0.000991,0.3478,0.031554
0.008031,3.0,0.022561,6.350600000000002,0.000992,0.3775,0.031583
0.008038,3.0,0.022581,6.3088999999999995,0.000992,0.3117,0.031612
0.008046,3.0,0.022601,5.9827,0.000993,0.1995,0.031640
0.008053,3.0,0.022622,6.2846,0.000994,0.3295,0.031669
0.008060,3.0,0.022643,6.3107999999999995,0.000995,0.3337,0.031698
0.008068,3.0,0.022664,6.346900000000001,0.000995,0.35200000000000004,0.031727
0.008075,3.0,0.022685,6.339700000000001,0.000996,0.3085,0.031756
0.008082,3.0,0.022706,6.3290999999999995,0.000997,0.27,0.031785
0.008090,3.0,0.022727,6.2955,0.000998,0.3562,0.031814
0.008097,3.0,0.022747,6.286900000000001,0.000999,0.41,0.031843
0.008104,3.0,0.022768,6.277399999999999,0.000999,0.3439,0.031872
0.008111,3.0,0.022788,5.987100000000001,0.001000,0.3478,0.031900
0.008119,3.0,0.022809,6.293200000000001,0.001001,0.3379,0.031929
0.008126,3.0,0.022829,6.2881,0.001002,0.3496,0.031958
0.008133,3.0,0.022850,6.3014,0.001003,0.34690000000000004,0.031986
0.008141,3.0,0.022871,6.3347,0.001004,0.33309999999999995,0.032015
0.008148,3.0,0.022891,5.9907,0.001004,0.20600000000000002,0.032043
0.008155,3.0,0.022912,6.3191000000000015,0.001005,0.36219999999999997,0.032072
0.008163,3.0,0.022933,6.361,0.001006,0.30700000000000005,0.032101
0.008170,3.0,0.022954,6.357000000000001,0.001007,0.3047,0.032130
0.008177,3.0,0.022975,6.2658000000000005,0.001007,0.333,0.032159
0.008185,3.0,0.022995,6.2892,0.001008,0.32730000000000004,0.032188
0.008192,3.0,0.023016,6.293300000000001,0.001009,0.3332,0.032217
0.008199,3.0,0.023037,6.2807,0.001010,0.3530000000000001,0.032246
0.008207,3.0,0.023058,6.3762,0.001011,0.33999999999999997,0.032275
0.008214,3.0,0.023078,6.068,0.001011,0.28720000000000007,0.032303
0.008218,3.0,0.023078,0.0,0.001011,0.031099999999999996,0.032307
